Schedule Name,Element,Values,Data Source
occupants,WeekdayScheduleFractions,"0.035, 0.035, 0.035, 0.035, 0.035, 0.059, 0.082, 0.055, 0.027, 0.014, 0.014, 0.014, 0.014, 0.014, 0.019, 0.027, 0.041, 0.055, 0.068, 0.082, 0.082, 0.070, 0.053, 0.035",Table C.3(5) of ANSI/RESNET/ICC 301-2022 Addendum C
occupants,WeekendScheduleFractions,"0.035, 0.035, 0.035, 0.035, 0.035, 0.059, 0.082, 0.055, 0.027, 0.014, 0.014, 0.014, 0.014, 0.014, 0.019, 0.027, 0.041, 0.055, 0.068, 0.082, 0.082, 0.070, 0.053, 0.035",Table C.3(5) of ANSI/RESNET/ICC 301-2022 Addendum C
occupants,MonthlyScheduleMultipliers,"1.0, 1.0, 1.0, 1.0, 1.0, 1.0, 1.0, 1.0, 1.0, 1.0, 1.0, 1.0",
general_water_use,GeneralWaterUseWeekdayScheduleFractions,"0.023, 0.021, 0.021, 0.025, 0.027, 0.038, 0.044, 0.039, 0.037, 0.037, 0.034, 0.035, 0.035, 0.035, 0.039, 0.043, 0.051, 0.064, 0.065, 0.072, 0.073, 0.063, 0.045, 0.034",Table C.3(5) of ANSI/RESNET/ICC 301-2022 Addendum C
general_water_use,GeneralWaterUseWeekendScheduleFractions,"0.023, 0.021, 0.021, 0.025, 0.027, 0.038, 0.044, 0.039, 0.037, 0.037, 0.034, 0.035, 0.035, 0.035, 0.039, 0.043, 0.051, 0.064, 0.065, 0.072, 0.073, 0.063, 0.045, 0.034",Table C.3(5) of ANSI/RESNET/ICC 301-2022 Addendum C
general_water_use,GeneralWaterUseMonthlyScheduleMultipliers,"1.0, 1.0, 1.0, 1.0, 1.0, 1.0, 1.0, 1.0, 1.0, 1.0, 1.0, 1.0",
lighting_interior,InteriorWeekdayScheduleFractions,"0.012, 0.010, 0.010, 0.010, 0.011, 0.018, 0.030, 0.038, 0.041, 0.041, 0.039, 0.037, 0.036, 0.035, 0.037, 0.041, 0.050, 0.065, 0.086, 0.106, 0.110, 0.079, 0.040, 0.018",Table C.3(3) of ANSI/RESNET/ICC 301-2022 Addendum C
lighting_interior,InteriorWeekendScheduleFractions,"0.012, 0.010, 0.010, 0.010, 0.011, 0.018, 0.030, 0.038, 0.041, 0.041, 0.039, 0.037, 0.036, 0.035, 0.037, 0.041, 0.050, 0.065, 0.086, 0.106, 0.110, 0.079, 0.040, 0.018",Table C.3(3) of ANSI/RESNET/ICC 301-2022 Addendum C
lighting_interior,InteriorMonthlyScheduleMultipliers,"1.19, 1.11, 1.02, 0.93, 0.84, 0.80, 0.82, 0.88, 0.98, 1.07, 1.16, 1.20",Table C.3(4) of ANSI/RESNET/ICC 301-2022 Addendum C
lighting_exterior,ExteriorWeekdayScheduleFractions,"0.040, 0.037, 0.037, 0.035, 0.035, 0.039, 0.044, 0.041, 0.031, 0.025, 0.024, 0.024, 0.025, 0.028, 0.030, 0.035, 0.044, 0.056, 0.064, 0.068, 0.070, 0.065, 0.056, 0.047",Table C.3(3) of ANSI/RESNET/ICC 301-2022 Addendum C
lighting_exterior,ExteriorWeekendScheduleFractions,"0.040, 0.037, 0.037, 0.035, 0.035, 0.039, 0.044, 0.041, 0.031, 0.025, 0.024, 0.024, 0.025, 0.028, 0.030, 0.035, 0.044, 0.056, 0.064, 0.068, 0.070, 0.065, 0.056, 0.047",Table C.3(3) of ANSI/RESNET/ICC 301-2022 Addendum C
lighting_exterior,ExteriorMonthlyScheduleMultipliers,"1.19, 1.11, 1.02, 0.93, 0.84, 0.80, 0.82, 0.88, 0.98, 1.07, 1.16, 1.20",Table C.3(4) of ANSI/RESNET/ICC 301-2022 Addendum C
lighting_garage,GarageWeekdayScheduleFractions,"0.023, 0.019, 0.015, 0.017, 0.021, 0.031, 0.042, 0.041, 0.034, 0.029, 0.027, 0.025, 0.021, 0.021, 0.021, 0.026, 0.031, 0.044, 0.084, 0.117, 0.113, 0.096, 0.063, 0.039",Table C.3(3) of ANSI/RESNET/ICC 301-2022 Addendum C
lighting_garage,GarageWeekendScheduleFractions,"0.023, 0.019, 0.015, 0.017, 0.021, 0.031, 0.042, 0.041, 0.034, 0.029, 0.027, 0.025, 0.021, 0.021, 0.021, 0.026, 0.031, 0.044, 0.084, 0.117, 0.113, 0.096, 0.063, 0.039",Table C.3(3) of ANSI/RESNET/ICC 301-2022 Addendum C
lighting_garage,GarageMonthlyScheduleMultipliers,"1.19, 1.11, 1.02, 0.93, 0.84, 0.80, 0.82, 0.88, 0.98, 1.07, 1.16, 1.20",Table C.3(4) of ANSI/RESNET/ICC 301-2022 Addendum C
lighting_exterior_holiday,WeekdayScheduleFractions,"0.0, 0.0, 0.0, 0.0, 0.0, 0.0, 0.0, 0.0, 0.0, 0.0, 0.0, 0.0, 0.0, 0.0, 0.0, 0.0, 0.008, 0.098, 0.168, 0.194, 0.284, 0.192, 0.037, 0.019",
lighting_exterior_holiday,WeekendScheduleFractions,"0.0, 0.0, 0.0, 0.0, 0.0, 0.0, 0.0, 0.0, 0.0, 0.0, 0.0, 0.0, 0.0, 0.0, 0.0, 0.0, 0.008, 0.098, 0.168, 0.194, 0.284, 0.192, 0.037, 0.019",
cooking_range,WeekdayScheduleFractions,"0.008, 0.008, 0.008, 0.008, 0.008, 0.015, 0.023, 0.039, 0.046, 0.046, 0.046, 0.054, 0.062, 0.046, 0.039, 0.054, 0.076, 0.134, 0.114, 0.058, 0.039, 0.031, 0.023, 0.015",Table C.3(1) of ANSI/RESNET/ICC 301-2022 Addendum C
cooking_range,WeekendScheduleFractions,"0.008, 0.008, 0.008, 0.008, 0.008, 0.015, 0.023, 0.039, 0.046, 0.046, 0.046, 0.054, 0.062, 0.046, 0.039, 0.054, 0.076, 0.134, 0.114, 0.058, 0.039, 0.031, 0.023, 0.015",Table C.3(1) of ANSI/RESNET/ICC 301-2022 Addendum C
cooking_range,MonthlyScheduleMultipliers,"1.0, 1.0, 1.0, 1.0, 1.0, 1.0, 1.0, 1.0, 1.0, 1.0, 1.0, 1.0",
refrigerator,WeekdayScheduleFractions,"0.040, 0.039, 0.038, 0.037, 0.036, 0.036, 0.038, 0.040, 0.041, 0.041, 0.040, 0.040, 0.042, 0.042, 0.042, 0.041, 0.044, 0.048, 0.050, 0.048, 0.047, 0.046, 0.044, 0.041",Figure 16 of the `2010 BAHSP <https://www1.eere.energy.gov/buildings/publications/pdfs/building_america/house_simulation.pdf>`_
refrigerator,WeekendScheduleFractions,"0.040, 0.039, 0.038, 0.037, 0.036, 0.036, 0.038, 0.040, 0.041, 0.041, 0.040, 0.040, 0.042, 0.042, 0.042, 0.041, 0.044, 0.048, 0.050, 0.048, 0.047, 0.046, 0.044, 0.041",Figure 16 of the `2010 BAHSP <https://www1.eere.energy.gov/buildings/publications/pdfs/building_america/house_simulation.pdf>`_
refrigerator,MonthlyScheduleMultipliers,"0.837, 0.835, 1.084, 1.084, 1.084, 1.096, 1.096, 1.096, 1.096, 0.931, 0.925, 0.837",Figure 24 of the `2010 BAHSP <https://www1.eere.energy.gov/buildings/publications/pdfs/building_america/house_simulation.pdf>`_
refrigerator,ConstantScheduleCoefficients,"-0.487, -0.340, -0.370, -0.361, -0.515, -0.684, -0.471, -0.159, -0.079, -0.417, -0.411, -0.386, -0.240, -0.314, -0.160, -0.121, -0.469, -0.412, -0.091, 0.077, -0.118, -0.247, -0.445, -0.544",Table C.3(2) of ANSI/RESNET/ICC 301-2022 Addendum C
refrigerator,TemperatureScheduleCoefficients,"0.019, 0.016, 0.017, 0.016, 0.018, 0.021, 0.019, 0.015, 0.015, 0.019, 0.018, 0.018, 0.016, 0.017, 0.015, 0.015, 0.020, 0.020, 0.017, 0.014, 0.016, 0.017, 0.019, 0.020",Table C.3(2) of ANSI/RESNET/ICC 301-2022 Addendum C
extra_refrigerator,WeekdayScheduleFractions,"0.040, 0.039, 0.038, 0.037, 0.036, 0.036, 0.038, 0.040, 0.041, 0.041, 0.040, 0.040, 0.042, 0.042, 0.042, 0.041, 0.044, 0.048, 0.050, 0.048, 0.047, 0.046, 0.044, 0.041",Figure 16 of the `2010 BAHSP <https://www1.eere.energy.gov/buildings/publications/pdfs/building_america/house_simulation.pdf>`_
extra_refrigerator,WeekendScheduleFractions,"0.040, 0.039, 0.038, 0.037, 0.036, 0.036, 0.038, 0.040, 0.041, 0.041, 0.040, 0.040, 0.042, 0.042, 0.042, 0.041, 0.044, 0.048, 0.050, 0.048, 0.047, 0.046, 0.044, 0.041",Figure 16 of the `2010 BAHSP <https://www1.eere.energy.gov/buildings/publications/pdfs/building_america/house_simulation.pdf>`_
extra_refrigerator,MonthlyScheduleMultipliers,"0.837, 0.835, 1.084, 1.084, 1.084, 1.096, 1.096, 1.096, 1.096, 0.931, 0.925, 0.837",Figure 24 of the `2010 BAHSP <https://www1.eere.energy.gov/buildings/publications/pdfs/building_america/house_simulation.pdf>`_
extra_refrigerator,ConstantScheduleCoefficients,"-0.487, -0.340, -0.370, -0.361, -0.515, -0.684, -0.471, -0.159, -0.079, -0.417, -0.411, -0.386, -0.240, -0.314, -0.160, -0.121, -0.469, -0.412, -0.091, -0.077, -0.118, -0.247, -0.445, -0.544",Table C.3(2) of ANSI/RESNET/ICC 301-2022 Addendum C
extra_refrigerator,TemperatureScheduleCoefficients,"0.019, 0.016, 0.017, 0.016, 0.018, 0.021, 0.019, 0.015, 0.015, 0.019, 0.018, 0.018, 0.016, 0.017, 0.015, 0.015, 0.020, 0.020, 0.017, 0.014, 0.016, 0.017, 0.019, 0.020",Table C.3(2) of ANSI/RESNET/ICC 301-2022 Addendum C
freezer,WeekdayScheduleFractions,"0.040, 0.039, 0.038, 0.037, 0.036, 0.036, 0.038, 0.040, 0.041, 0.041, 0.040, 0.040, 0.042, 0.042, 0.042, 0.041, 0.044, 0.048, 0.050, 0.048, 0.047, 0.046, 0.044, 0.041",Figure 16 of the `2010 BAHSP <https://www1.eere.energy.gov/buildings/publications/pdfs/building_america/house_simulation.pdf>`_
freezer,WeekendScheduleFractions,"0.040, 0.039, 0.038, 0.037, 0.036, 0.036, 0.038, 0.040, 0.041, 0.041, 0.040, 0.040, 0.042, 0.042, 0.042, 0.041, 0.044, 0.048, 0.050, 0.048, 0.047, 0.046, 0.044, 0.041",Figure 16 of the `2010 BAHSP <https://www1.eere.energy.gov/buildings/publications/pdfs/building_america/house_simulation.pdf>`_
freezer,MonthlyScheduleMultipliers,"0.837, 0.835, 1.084, 1.084, 1.084, 1.096, 1.096, 1.096, 1.096, 0.931, 0.925, 0.837",Figure 24 of the `2010 BAHSP <https://www1.eere.energy.gov/buildings/publications/pdfs/building_america/house_simulation.pdf>`_
dishwasher,WeekdayScheduleFractions,"0.015, 0.007, 0.005, 0.003, 0.003, 0.010, 0.020, 0.031, 0.058, 0.065, 0.056, 0.048, 0.042, 0.046, 0.036, 0.038, 0.038, 0.049, 0.087, 0.111, 0.090, 0.067, 0.044, 0.031",Table C.3(1) of ANSI/RESNET/ICC 301-2022 Addendum C
dishwasher,WeekendScheduleFractions,"0.015, 0.007, 0.005, 0.003, 0.003, 0.010, 0.020, 0.031, 0.058, 0.065, 0.056, 0.048, 0.042, 0.046, 0.036, 0.038, 0.038, 0.049, 0.087, 0.111, 0.090, 0.067, 0.044, 0.031",Table C.3(1) of ANSI/RESNET/ICC 301-2022 Addendum C
dishwasher,MonthlyScheduleMultipliers,"1.0, 1.0, 1.0, 1.0, 1.0, 1.0, 1.0, 1.0, 1.0, 1.0, 1.0, 1.0",
clothes_washer,WeekdayScheduleFractions,"0.009, 0.007, 0.004, 0.004, 0.007, 0.011, 0.022, 0.049, 0.073, 0.086, 0.084, 0.075, 0.067, 0.060, 0.049, 0.051, 0.050, 0.049, 0.049, 0.049, 0.049, 0.047, 0.032, 0.017",Table C.3(1) of ANSI/RESNET/ICC 301-2022 Addendum C
clothes_washer,WeekendScheduleFractions,"0.009, 0.007, 0.004, 0.004, 0.007, 0.011, 0.022, 0.049, 0.073, 0.086, 0.084, 0.075, 0.067, 0.060, 0.049, 0.051, 0.050, 0.049, 0.049, 0.049, 0.049, 0.047, 0.032, 0.017",Table C.3(1) of ANSI/RESNET/ICC 301-2022 Addendum C
clothes_washer,MonthlyScheduleMultipliers,"1.0, 1.0, 1.0, 1.0, 1.0, 1.0, 1.0, 1.0, 1.0, 1.0, 1.0, 1.0",
clothes_dryer,WeekdayScheduleFractions,"0.010, 0.006, 0.004, 0.002, 0.004, 0.006, 0.016, 0.032, 0.048, 0.068, 0.078, 0.081, 0.074, 0.067, 0.058, 0.061, 0.055, 0.054, 0.051, 0.051, 0.052, 0.054, 0.044, 0.024",Table C.3(1) of ANSI/RESNET/ICC 301-2022 Addendum C
clothes_dryer,WeekendScheduleFractions,"0.010, 0.006, 0.004, 0.002, 0.004, 0.006, 0.016, 0.032, 0.048, 0.068, 0.078, 0.081, 0.074, 0.067, 0.058, 0.061, 0.055, 0.054, 0.051, 0.051, 0.052, 0.054, 0.044, 0.024",Table C.3(1) of ANSI/RESNET/ICC 301-2022 Addendum C
clothes_dryer,MonthlyScheduleMultipliers,"1.0, 1.0, 1.0, 1.0, 1.0, 1.0, 1.0, 1.0, 1.0, 1.0, 1.0, 1.0",
ceiling_fan,WeekdayScheduleFractions,"0.057, 0.057, 0.057, 0.057, 0.057, 0.057, 0.057, 0.024, 0.024, 0.024, 0.024, 0.024, 0.024, 0.024, 0.024, 0.024, 0.024, 0.024, 0.052, 0.057, 0.057, 0.057, 0.057, 0.057",Table C.3(5) of ANSI/RESNET/ICC 301-2022 Addendum C
ceiling_fan,WeekendScheduleFractions,"0.057, 0.057, 0.057, 0.057, 0.057, 0.057, 0.057, 0.024, 0.024, 0.024, 0.024, 0.024, 0.024, 0.024, 0.024, 0.024, 0.024, 0.024, 0.052, 0.057, 0.057, 0.057, 0.057, 0.057",Table C.3(5) of ANSI/RESNET/ICC 301-2022 Addendum C
plug_loads_other,WeekdayScheduleFractions,"0.036, 0.036, 0.036, 0.036, 0.036, 0.036, 0.038, 0.041, 0.042, 0.042, 0.042, 0.042, 0.042, 0.042, 0.042, 0.044, 0.047, 0.050, 0.051, 0.050, 0.048, 0.044, 0.040, 0.037",Table C.3(1) of ANSI/RESNET/ICC 301-2022 Addendum C
plug_loads_other,WeekendScheduleFractions,"0.036, 0.036, 0.036, 0.036, 0.036, 0.036, 0.038, 0.041, 0.042, 0.042, 0.042, 0.042, 0.042, 0.042, 0.042, 0.044, 0.047, 0.050, 0.051, 0.050, 0.048, 0.044, 0.040, 0.037",Table C.3(1) of ANSI/RESNET/ICC 301-2022 Addendum C
plug_loads_other,MonthlyScheduleMultipliers,"1.0, 1.0, 1.0, 1.0, 1.0, 1.0, 1.0, 1.0, 1.0, 1.0, 1.0, 1.0",
plug_loads_tv,WeekdayScheduleFractions,"0.014, 0.007, 0.004, 0.003, 0.004, 0.006, 0.010, 0.015, 0.020, 0.025, 0.028, 0.031, 0.033, 0.038, 0.042, 0.046, 0.054, 0.062, 0.080, 0.110, 0.132, 0.125, 0.077, 0.034",Table C.3(1) of ANSI/RESNET/ICC 301-2022 Addendum C
plug_loads_tv,WeekendScheduleFractions,"0.014, 0.007, 0.004, 0.003, 0.004, 0.006, 0.010, 0.015, 0.020, 0.025, 0.028, 0.031, 0.033, 0.038, 0.042, 0.046, 0.054, 0.062, 0.080, 0.110, 0.132, 0.125, 0.077, 0.034",Table C.3(1) of ANSI/RESNET/ICC 301-2022 Addendum C
plug_loads_tv,MonthlyScheduleMultipliers,"1.0, 1.0, 1.0, 1.0, 1.0, 1.0, 1.0, 1.0, 1.0, 1.0, 1.0, 1.0",
plug_loads_vehicle,WeekdayScheduleFractions,"0.042, 0.042, 0.042, 0.042, 0.042, 0.042, 0.042, 0.042, 0.042, 0.042, 0.042, 0.042, 0.042, 0.042, 0.042, 0.042, 0.042, 0.042, 0.042, 0.042, 0.042, 0.042, 0.042, 0.042",
plug_loads_vehicle,WeekendScheduleFractions,"0.042, 0.042, 0.042, 0.042, 0.042, 0.042, 0.042, 0.042, 0.042, 0.042, 0.042, 0.042, 0.042, 0.042, 0.042, 0.042, 0.042, 0.042, 0.042, 0.042, 0.042, 0.042, 0.042, 0.042",
plug_loads_vehicle,MonthlyScheduleMultipliers,"1.0, 1.0, 1.0, 1.0, 1.0, 1.0, 1.0, 1.0, 1.0, 1.0, 1.0, 1.0",
plug_loads_well_pump,WeekdayScheduleFractions,"0.044, 0.023, 0.019, 0.015, 0.016, 0.018, 0.026, 0.033, 0.033, 0.032, 0.033, 0.033, 0.032, 0.032, 0.032, 0.033, 0.045, 0.057, 0.066, 0.076, 0.081, 0.086, 0.075, 0.065",Figure 23 of the `2010 BAHSP <https://www1.eere.energy.gov/buildings/publications/pdfs/building_america/house_simulation.pdf>`_
plug_loads_well_pump,WeekendScheduleFractions,"0.044, 0.023, 0.019, 0.015, 0.016, 0.018, 0.026, 0.033, 0.033, 0.032, 0.033, 0.033, 0.032, 0.032, 0.032, 0.033, 0.045, 0.057, 0.066, 0.076, 0.081, 0.086, 0.075, 0.065",Figure 23 of the `2010 BAHSP <https://www1.eere.energy.gov/buildings/publications/pdfs/building_america/house_simulation.pdf>`_
plug_loads_well_pump,MonthlyScheduleMultipliers,"1.0, 1.0, 1.0, 1.0, 1.0, 1.0, 1.0, 1.0, 1.0, 1.0, 1.0, 1.0",
fuel_loads_grill,WeekdayScheduleFractions,"0.004, 0.001, 0.001, 0.002, 0.007, 0.012, 0.029, 0.046, 0.044, 0.041, 0.044, 0.046, 0.042, 0.038, 0.049, 0.059, 0.110, 0.161, 0.115, 0.070, 0.044, 0.019, 0.013, 0.007",Figure 23 of the `2010 BAHSP <https://www1.eere.energy.gov/buildings/publications/pdfs/building_america/house_simulation.pdf>`_
fuel_loads_grill,WeekendScheduleFractions,"0.004, 0.001, 0.001, 0.002, 0.007, 0.012, 0.029, 0.046, 0.044, 0.041, 0.044, 0.046, 0.042, 0.038, 0.049, 0.059, 0.110, 0.161, 0.115, 0.070, 0.044, 0.019, 0.013, 0.007",Figure 23 of the `2010 BAHSP <https://www1.eere.energy.gov/buildings/publications/pdfs/building_america/house_simulation.pdf>`_
fuel_loads_grill,MonthlyScheduleMultipliers,"1.0, 1.0, 1.0, 1.0, 1.0, 1.0, 1.0, 1.0, 1.0, 1.0, 1.0, 1.0",
fuel_loads_lighting,WeekdayScheduleFractions,"0.044, 0.023, 0.019, 0.015, 0.016, 0.018, 0.026, 0.033, 0.033, 0.032, 0.033, 0.033, 0.032, 0.032, 0.032, 0.033, 0.045, 0.057, 0.066, 0.076, 0.081, 0.086, 0.075, 0.065",Figure 23 of the `2010 BAHSP <https://www1.eere.energy.gov/buildings/publications/pdfs/building_america/house_simulation.pdf>`_
fuel_loads_lighting,WeekendScheduleFractions,"0.044, 0.023, 0.019, 0.015, 0.016, 0.018, 0.026, 0.033, 0.033, 0.032, 0.033, 0.033, 0.032, 0.032, 0.032, 0.033, 0.045, 0.057, 0.066, 0.076, 0.081, 0.086, 0.075, 0.065",Figure 23 of the `2010 BAHSP <https://www1.eere.energy.gov/buildings/publications/pdfs/building_america/house_simulation.pdf>`_
fuel_loads_lighting,MonthlyScheduleMultipliers,"1.0, 1.0, 1.0, 1.0, 1.0, 1.0, 1.0, 1.0, 1.0, 1.0, 1.0, 1.0",
fuel_loads_fireplace,WeekdayScheduleFractions,"0.044, 0.023, 0.019, 0.015, 0.016, 0.018, 0.026, 0.033, 0.033, 0.032, 0.033, 0.033, 0.032, 0.032, 0.032, 0.033, 0.045, 0.057, 0.066, 0.076, 0.081, 0.086, 0.075, 0.065",Figure 23 of the `2010 BAHSP <https://www1.eere.energy.gov/buildings/publications/pdfs/building_america/house_simulation.pdf>`_
fuel_loads_fireplace,WeekendScheduleFractions,"0.044, 0.023, 0.019, 0.015, 0.016, 0.018, 0.026, 0.033, 0.033, 0.032, 0.033, 0.033, 0.032, 0.032, 0.032, 0.033, 0.045, 0.057, 0.066, 0.076, 0.081, 0.086, 0.075, 0.065",Figure 23 of the `2010 BAHSP <https://www1.eere.energy.gov/buildings/publications/pdfs/building_america/house_simulation.pdf>`_
fuel_loads_fireplace,MonthlyScheduleMultipliers,"1.0, 1.0, 1.0, 1.0, 1.0, 1.0, 1.0, 1.0, 1.0, 1.0, 1.0, 1.0",
pool_pump,WeekdayScheduleFractions,"0.003, 0.003, 0.003, 0.004, 0.008, 0.015, 0.026, 0.044, 0.084, 0.121, 0.127, 0.121, 0.120, 0.090, 0.075, 0.061, 0.037, 0.023, 0.013, 0.008, 0.004, 0.003, 0.003, 0.003",Figure 23 of the `2010 BAHSP <https://www1.eere.energy.gov/buildings/publications/pdfs/building_america/house_simulation.pdf>`_
pool_pump,WeekendScheduleFractions,"0.003, 0.003, 0.003, 0.004, 0.008, 0.015, 0.026, 0.044, 0.084, 0.121, 0.127, 0.121, 0.120, 0.090, 0.075, 0.061, 0.037, 0.023, 0.013, 0.008, 0.004, 0.003, 0.003, 0.003",Figure 23 of the `2010 BAHSP <https://www1.eere.energy.gov/buildings/publications/pdfs/building_america/house_simulation.pdf>`_
pool_pump,MonthlyScheduleMultipliers,"1.154, 1.161, 1.013, 1.010, 1.013, 0.888, 0.883, 0.883, 0.888, 0.978, 0.974, 1.154",Figure 24 of the `2010 BAHSP <https://www1.eere.energy.gov/buildings/publications/pdfs/building_america/house_simulation.pdf>`_
pool_heater,WeekdayScheduleFractions,"0.003, 0.003, 0.003, 0.004, 0.008, 0.015, 0.026, 0.044, 0.084, 0.121, 0.127, 0.121, 0.120, 0.090, 0.075, 0.061, 0.037, 0.023, 0.013, 0.008, 0.004, 0.003, 0.003, 0.003",Figure 23 of the `2010 BAHSP <https://www1.eere.energy.gov/buildings/publications/pdfs/building_america/house_simulation.pdf>`_
pool_heater,WeekendScheduleFractions,"0.003, 0.003, 0.003, 0.004, 0.008, 0.015, 0.026, 0.044, 0.084, 0.121, 0.127, 0.121, 0.120, 0.090, 0.075, 0.061, 0.037, 0.023, 0.013, 0.008, 0.004, 0.003, 0.003, 0.003",Figure 23 of the `2010 BAHSP <https://www1.eere.energy.gov/buildings/publications/pdfs/building_america/house_simulation.pdf>`_
pool_heater,MonthlyScheduleMultipliers,"1.154, 1.161, 1.013, 1.010, 1.013, 0.888, 0.883, 0.883, 0.888, 0.978, 0.974, 1.154",Figure 24 of the `2010 BAHSP <https://www1.eere.energy.gov/buildings/publications/pdfs/building_america/house_simulation.pdf>`_
permanent_spa_pump,WeekdayScheduleFractions,"0.024, 0.029, 0.024, 0.029, 0.047, 0.067, 0.057, 0.024, 0.024, 0.019, 0.015, 0.014, 0.014, 0.014, 0.024, 0.058, 0.126, 0.122, 0.068, 0.061, 0.051, 0.043, 0.024, 0.024",Figure 23 of the `2010 BAHSP <https://www1.eere.energy.gov/buildings/publications/pdfs/building_america/house_simulation.pdf>`_
permanent_spa_pump,WeekendScheduleFractions,"0.024, 0.029, 0.024, 0.029, 0.047, 0.067, 0.057, 0.024, 0.024, 0.019, 0.015, 0.014, 0.014, 0.014, 0.024, 0.058, 0.126, 0.122, 0.068, 0.061, 0.051, 0.043, 0.024, 0.024",Figure 23 of the `2010 BAHSP <https://www1.eere.energy.gov/buildings/publications/pdfs/building_america/house_simulation.pdf>`_
permanent_spa_pump,MonthlyScheduleMultipliers,"0.921, 0.928, 0.921, 0.915, 0.921, 1.160, 1.158, 1.158, 1.160, 0.921, 0.915, 0.921",Figure 24 of the `2010 BAHSP <https://www1.eere.energy.gov/buildings/publications/pdfs/building_america/house_simulation.pdf>`_
permanent_spa_heater,WeekdayScheduleFractions,"0.024, 0.029, 0.024, 0.029, 0.047, 0.067, 0.057, 0.024, 0.024, 0.019, 0.015, 0.014, 0.014, 0.014, 0.024, 0.058, 0.126, 0.122, 0.068, 0.061, 0.051, 0.043, 0.024, 0.024",Figure 23 of the `2010 BAHSP <https://www1.eere.energy.gov/buildings/publications/pdfs/building_america/house_simulation.pdf>`_
permanent_spa_heater,WeekendScheduleFractions,"0.024, 0.029, 0.024, 0.029, 0.047, 0.067, 0.057, 0.024, 0.024, 0.019, 0.015, 0.014, 0.014, 0.014, 0.024, 0.058, 0.126, 0.122, 0.068, 0.061, 0.051, 0.043, 0.024, 0.024",Figure 23 of the `2010 BAHSP <https://www1.eere.energy.gov/buildings/publications/pdfs/building_america/house_simulation.pdf>`_
permanent_spa_heater,MonthlyScheduleMultipliers,"0.837, 0.835, 1.084, 1.084, 1.084, 1.096, 1.096, 1.096, 1.096, 0.931, 0.925, 0.837",Figure 24 of the `2010 BAHSP <https://www1.eere.energy.gov/buildings/publications/pdfs/building_america/house_simulation.pdf>`_
hot_water_fixtures,WaterFixturesWeekdayScheduleFractions,"0.012, 0.006, 0.004, 0.005, 0.010, 0.034, 0.078, 0.086, 0.080, 0.067, 0.056, 0.047, 0.040, 0.035, 0.033, 0.031, 0.038, 0.051, 0.060, 0.060, 0.055, 0.048, 0.038, 0.026",Table C.3(5) of ANSI/RESNET/ICC 301-2022 Addendum C
hot_water_fixtures,WaterFixturesWeekendScheduleFractions,"0.012, 0.006, 0.004, 0.005, 0.010, 0.034, 0.078, 0.086, 0.080, 0.067, 0.056, 0.047, 0.040, 0.035, 0.033, 0.031, 0.038, 0.051, 0.060, 0.060, 0.055, 0.048, 0.038, 0.026",Table C.3(5) of ANSI/RESNET/ICC 301-2022 Addendum C
hot_water_fixtures,WaterFixturesMonthlyScheduleMultipliers,"1.0, 1.0, 1.0, 1.0, 1.0, 1.0, 1.0, 1.0, 1.0, 1.0, 1.0, 1.0",
hot_water_recirculation_pump_no_control,RecirculationPumpWeekdayScheduleFractions,"0.042, 0.042, 0.042, 0.042, 0.042, 0.042, 0.042, 0.042, 0.042, 0.042, 0.042, 0.042, 0.042, 0.042, 0.042, 0.042, 0.042, 0.042, 0.042, 0.042, 0.042, 0.042, 0.042, 0.042",Equation 4.2-43a of ANSI/RESNET/ICC 301-2022 Addendum C
hot_water_recirculation_pump_no_control,RecirculationPumpWeekendScheduleFractions,"0.042, 0.042, 0.042, 0.042, 0.042, 0.042, 0.042, 0.042, 0.042, 0.042, 0.042, 0.042, 0.042, 0.042, 0.042, 0.042, 0.042, 0.042, 0.042, 0.042, 0.042, 0.042, 0.042, 0.042",Equation 4.2-43a of ANSI/RESNET/ICC 301-2022 Addendum C
hot_water_recirculation_pump_demand_control,RecirculationPumpWeekdayScheduleFractions,"0.012, 0.006, 0.004, 0.005, 0.010, 0.034, 0.078, 0.086, 0.080, 0.067, 0.056, 0.047, 0.040, 0.035, 0.033, 0.031, 0.038, 0.051, 0.060, 0.060, 0.055, 0.048, 0.038, 0.026",Table C.3(5) of ANSI/RESNET/ICC 301-2022 Addendum C
hot_water_recirculation_pump_demand_control,RecirculationPumpWeekendScheduleFractions,"0.012, 0.006, 0.004, 0.005, 0.010, 0.034, 0.078, 0.086, 0.080, 0.067, 0.056, 0.047, 0.040, 0.035, 0.033, 0.031, 0.038, 0.051, 0.060, 0.060, 0.055, 0.048, 0.038, 0.026",Table C.3(5) of ANSI/RESNET/ICC 301-2022 Addendum C
hot_water_recirculation_pump_temperature_control,RecirculationPumpWeekdayScheduleFractions,"0.067, 0.072, 0.074, 0.073, 0.069, 0.048, 0.011, 0.003, 0.009, 0.020, 0.030, 0.037, 0.043, 0.047, 0.050, 0.051, 0.044, 0.034, 0.026, 0.026, 0.030, 0.036, 0.045, 0.055",Table C.3(5) of ANSI/RESNET/ICC 301-2022 Addendum C
hot_water_recirculation_pump_temperature_control,RecirculationPumpWeekendScheduleFractions,"0.067, 0.072, 0.074, 0.073, 0.069, 0.048, 0.011, 0.003, 0.009, 0.020, 0.030, 0.037, 0.043, 0.047, 0.050, 0.051, 0.044, 0.034, 0.026, 0.026, 0.030, 0.036, 0.045, 0.055",Table C.3(5) of ANSI/RESNET/ICC 301-2022 Addendum C
hot_water_recirculation_pump,RecirculationPumpMonthlyScheduleMultipliers,"1.0, 1.0, 1.0, 1.0, 1.0, 1.0, 1.0, 1.0, 1.0, 1.0, 1.0, 1.0",
